Name,Address,Zip Code
A Sanctuary Cafe,"80 Charles Street, Boston, MA, 02114",2114
Aesop's Fable,"400 Washington Street, Suite 200, Holliston, MA, 01746",1746
All She Wrote Books,"75 Washington Street, Somerville, MA, 02143",2143
Amherst Books,"8 Main St, Amherst, MA, 01002",1002
An Unlikely Story,"111 South St, Plainville, MA, 02762",2762
Andover Bookstore,"74 Main St, Andover, MA, 01810",1810
Annie's Book Stop of Worcester,"65 James St, Worcester, MA, 01603",1603
Annie's Books and Gifts,"25 South Orleans Rd., Orleans, MA, 02653",2653
Annies Book Stop,"575 South St, West Raynham, MA, 02767",2767
Aviary Books,"10 N 6th Street, New Bedford, MA, 02740",2740
Beacon Hill Books & Cafe,"71 Charles Street, Boston, MA, 02114",2114
Beantown Books,"565 Turnpike St., North Andover, MA, 01845",1845
Bedlam Book Cafe,"138 Green St. Suite 1, Worcester, MA, 01604",1604
Behind the Curtain Books & More,"Mansfield, MA, 02048",2048
Belmont Books,"79 Leonard St, Belmont, MA, 02478",2478
Belonging Books,"Hyannis, MA, 02601",2601
Book Ends Winchester,"559 Main St, Winchester, MA, 01890",1890
Book Love,"7 Village Green South, Plymouth, MA, 02360",2360
Book Moon,"86 Cottage St, Easthampton, MA, 01027",1027
BookLink Booksellers Inc.,"150 Main St Thornes Marketplace, Northampton, MA, 01060",1060
Booklovers' Gourmet,"72 East Main Street, Unit 1, Webster, MA, 01570",1570
Bookworm Quincy,"101 Madison Ave, Quincy, MA, 02169",2169
Boswell's Books,"10 Bridge St, Shelburne Falls, MA, 01370",1370
Brewster Book Store,"2648 Main St, Brewster, MA, 02631",2631
Broadside Bookshop,"247 Main St, Northampton, MA, 01060",1060
Brookline Booksmith,"279 Harvard St, Brookline, MA, 02446",2446
Bunch of Grapes Bookstore,"23 Main St, Vineyard Haven, MA, 02568",2568
Buttonwood Books and Toys,"747 Chief Justice Cushing Hwy Rte 3A, Cohasset, MA, 02025",2025
Calix Books,"450B Paradise Rd. #281, Swampscott, MA, 01907",1907
Candlewick Press,"99 Dover St, Somerville, MA, 02144",2144
Center for the Spiritual Journey,"880 Main Street, Chatham, MA, 02633",2633
Copper Dog Books,"272 Cabot St, Beverly, MA, 01915",1915
Davoll's General Store,"1228 Russells Mills, South Dartmouth, MA, 02748",2748
East End Books (Seaport),"300 Pier 4 Blvd., Unit 4, Boston, MA, 02210",2210
East End Books Ptown,"389 Commercial St Unit 1, Provincetown, MA, 02657",2657
Edgartown Books,"44 Main St., Edgartown, MA, 02539",2539
Eight Cousins,"189 Main St, Falmouth, MA, 02540",2540
Fantastic Book Fairs,"Woburn, MA, 01801",1801
Federal Street Books,"8 Federal Street, Greenfield, MA, 01301",1301
Felixology,"Maynard, MA, 01754",1754
Flowerburst (Online Only),"6 Liberty Sq # 6263, Boston, MA, 02109",2109
Frugal Bookstore,"57 Warren Street, Roxbury, MA, 02119",2119
Good & Golden Books,"Haverhill, MA, 01832",1832
Goodnow Book Nook,"21 Concord Road, Sudbury, MA, 01776",1776
Grolier Poetry Book Shop,"6 Plympton St, Cambridge, MA, 02138",2138
Harvard Book Store,"1256 Massachusetts Ave, Cambridge, MA, 02138",2138
High Five Books,"141 N. Main Street, Florence, MA, 01062",1062
Hummingbird Books,"55 Boylston Street, Chestnut Hill, MA, 02467",2467
Hygge House Books,"21 East Main Street, Westborough, MA, 01581",1581
"I AM Books, Inc.","124 Salem Street, Boston, MA, 02113",2113
I Cannot Live Without Books,"314 Main Street, West Dennis, MA, 02670",2670
Illume Books llc,"10 Market Square, Newburyport, MA, 01950",1950
inSpirit: The UU Book and Gift Shop,"24 Farnsworth Street, Boston, MA, 02210",2210
Jabberwocky Bookshop & Cafe,"50 Water St, Newburyport, MA, 01950",1950
justBook-ish,"1463 Dorchester Ave, Dorchester, MA, 02122",2122
LALA Books,"189 Market St, Lowell, MA, 01852",1852
Lauren Friel,"1 Bow Market Way, Suite 32, Somerville, MA, 02143",2143
Lf Books,"37 Old Billerica Rd, Bedford, MA, 01730",1730
Little Bee Bookshop,"40 Main Street, Ayer, MA, 01432",1432
Love Your Shelf,"9 N. Main St., Bellingham, MA, 02019",2019
Lovestruck Books,"44 Brattle Street, Cambridge, MA, 02138",2138
Lowell Book Company,"Lowell, MA, 01852",1852
Maxima Gift Center,"212 Massachusetts Ave, Arlington, MA, 02474",2474
Mitchell's Book Corner,"54 Main St, Nantucket, MA, 02554",2554
Molly's Bookstore,"667-669 Main St, Melrose, MA, 02176",2176
Moon and Back Bookstore,"458 High Street, Medford, MA, 02155",2155
Nantucket Bookworks,"25 Broad St, Nantucket, MA, 02554",2554
Narrative,"387 Highland Avenue, Somerville, MA, 02144",2144
Newtonville Books,"10 Langley Rd, Newton, MA, 02459",2459
Odyssey Bookshop,"9 College St, South Hadley, MA, 01075",1075
Olive Tree Books-n-Voices,"97 Hancock St, Springfield, MA, 01109",1109
Pages & Paws Bookshop,"Kingston, MA, Kingston",2364
Pandemonium Books & Games,"4 Pleasant St, Cambridge, MA, 02139",2139
Paper & String Books,"59 Railroad Avenue, South Hamilton, MA, 01982",1982
Papercuts Bookshop,"60 South St, Boston, MA, 02130",2130
Park Street Books & Toys,"504 Main St, Medfield, MA, 02052",2052
Parkside Bookshop,"260 Shawmut Ave, Boston, MA, 02118",2118
Partners Village Store,"865 Main Rd, Westport, MA, 02790",2790
Porter Square Books,"1815 Mass Ave, Cambridge, MA, 02140",2140
Porter Square Books: Boston Edition,"50 Liberty Drive, Boston, MA, 02210",2210
Read My Lips Boston (MA),"Malden, MA, 02148",2148
Readmore Books,"330 Winthrop St, Taunton, MA, 02780",2780
Reedmor Books & Brews,"67 State St., Portsmouth, MA, 03801",3801
Ritual,"23 Whites Path, South Yarmouth, MA, 02664",2664
Root & Press,"156 Shrewsbury Street, Worcester, MA, 01604",1604
Roundabout Books (MA),"85 Pierce Street, Greenfield, MA, 01301",1301
Rozzie Bound Co-op,"739 South Street, Boston, MA, 02131",2131
Saltwater Bookstore,"134 Washington Street, Marblehead, MA, 01945",1945
Sea Howl Bookshop,"46 Main St, Orleans, MA, 02653",2653
Shaker Mill Books,"3 Depot St Box 92, West Stockbridge, MA, 01266",1266
Side Quest Books & Games,"1 Bow Market Way, Ste. 29, Somerville, MA, 02143",2143
Storybook Cove,"775 Washington St Ste 2, Hanover, MA, 02339",2339
Susie's Stories,"51 Bearskin Neck, Rockport, MA, 01966",1966
Ten Trees Books,"22 Main Street, Natick, MA, 01760",1760
The Bear & Bee Bookshop,"28 Holden St, North Adams, MA, 01247",1247
"The Blue Bunny, Books and Toys","577 High St, Dedham, MA, 02026",2026
The Book Oasis,"311 Main St, Stoneham, MA, 02180",2180
The Book Rack (MA),"13 Medford St, Arlington, MA, 02474",2474
The Book Shop of Beverly Farms,"40 West St., Beverly Farms, MA, 01915",1915
The Bookloft (MA),"63 State Rd, Great Barrington, MA, 01230",1230
The Bookstore (MA),"11 Housatonic St, Lenox, MA, 01240",1240
The Bookstore of Gloucester,"61 Main St, Gloucester, MA, 01930",1930
The Concord Bookshop,"65 Main St, Concord, MA, 01742",1742
The MIT Press Bookstore,"314 Main Street, Cambridge, MA, 02142",2142
The Mystery Bookshop,"314 Main Street, West Dennis, MA, 02670",2670
The Next Chapter-Books and More (MA),"1147 Hancock St., Quincy, MA, 02169",2169
The Purple Couch Bookshop,"350 Winthrop Ave. Unit 9B, North Andover, MA, 01845",1845
The Silver Unicorn Bookstore,"12 Spruce St., Acton, MA, 01720",1720
Tidal Pages,"24 Central St, Ipswich, MA, 01938",1938
TidePool Bookshop,"372 Chandler Street, Unit 101, Worcester, MA, 01602",1602
Titcomb's Bookshop,"432 Route 6A, East Sandwich, MA, 02537",2537
Travelnitch,"Monson, MA, 01057",1057
Trident Booksellers & Cafe (MA),"338 Newbury St, Boston, MA, 02115",2115
Wellesley Books,"82 Central St, Wellesley, MA, 02482",2482
Where the Sidewalk Ends / Books on the Cape,"432 Main St, Chatham, MA, 02633",2633
Whitelam Books,"610 Main St, Reading, MA, 01867",1867
Wicked Good Books,"260 Essex St, Salem, MA, 01970",1970
Wickham & Willoughby LLC,"519 Main St, Dunstable, MA, 01827",1827
Word on the Street (MA),"162 Main Street, Marlborough, MA, 01752",1752
